[
    {
        "id": "67cfe7c616404",
        "text": "111",
        "note": "",
        "pinned": true,
        "time": "2025-03-11 15:35:34",
        "hidden": false,
        "ipv4": "127.0.0.1",
        "ipv6": "::"
    },
    {
        "id": "67cfeb533be66",
        "text": "222",
        "note": "",
        "pinned": false,
        "time": "2025-03-11 15:50:43",
        "hidden": false,
        "ipv4": "127.0.0.1",
        "ipv6": "::"
    },
    {
        "id": "67cfeb56184e1",
        "text": "444",
        "note": "",
        "pinned": false,
        "time": "2025-03-11 15:50:46",
        "hidden": false,
        "ipv4": "127.0.0.1",
        "ipv6": "::"
    },
    {
        "id": "67cfeb5759dbc",
        "text": "555",
        "note": "",
        "pinned": false,
        "time": "2025-03-11 15:50:47",
        "hidden": false,
        "ipv4": "127.0.0.1",
        "ipv6": "::"
    },
    {
        "id": "67cfeb5961fa6",
        "text": "666",
        "note": "",
        "pinned": false,
        "time": "2025-03-11 15:50:49",
        "hidden": false,
        "ipv4": "127.0.0.1",
        "ipv6": "::"
    }
]